Model,MAE,RMSE
요일×시간 평균,19.22382653061225,32.5766245586299
3포인트 이동평균,10.996428571428572,24.604256632632584
